"","region","high_expct"
"1",1,7.38906649616368
"2",2,7.16810993975904
"3",3,7.35783294606824
"4",4,7.12532865907099
