x1region,mean_exp
1,7.389066496163683
2,7.168109939759036
3,7.35783294606824
4,7.12532865907099
