x1region,mean_exp
1,8.133115111838515
2,7.88352
3,8.058196721311475
4,7.861648016276704
