x1region,mean_exp
1,7.389066496163687
2,7.168109939759037
3,7.357832946068238
4,7.125328659070992
